GEO.id,Id
GEO.id2,Id2
GEO.display-label,Geography
HD01_VD01,Estimate; Total:
HD02_VD01,Margin of Error; Total:
HD01_VD02,Estimate; In households:
HD02_VD02,Margin of Error; In households:
HD01_VD03,Estimate; In households: - Under 3 years
HD02_VD03,Margin of Error; In households: - Under 3 years
HD01_VD04,Estimate; In households: - 3 and 4 years
HD02_VD04,Margin of Error; In households: - 3 and 4 years
HD01_VD05,Estimate; In households: - 5 years
HD02_VD05,Margin of Error; In households: - 5 years
HD01_VD06,Estimate; In households: - 6 to 8 years
HD02_VD06,Margin of Error; In households: - 6 to 8 years
HD01_VD07,Estimate; In households: - 9 to 11 years
HD02_VD07,Margin of Error; In households: - 9 to 11 years
HD01_VD08,Estimate; In households: - 12 to 14 years
HD02_VD08,Margin of Error; In households: - 12 to 14 years
HD01_VD09,Estimate; In households: - 15 to 17 years
HD02_VD09,Margin of Error; In households: - 15 to 17 years
HD01_VD10,Estimate; In group quarters
HD02_VD10,Margin of Error; In group quarters
