GEO.id,Id
GEO.id2,Id2
GEO.display-label,Geography
HC01_EST_VC01,"No one age 14 and over speaks English only or speaks English ""very well""; Estimate; All households"
HC01_MOE_VC01,"No one age 14 and over speaks English only or speaks English ""very well""; Margin of Error; All households"
HC01_EST_VC03,"No one age 14 and over speaks English only or speaks English ""very well""; Estimate; Households speaking -- - Spanish"
HC01_MOE_VC03,"No one age 14 and over speaks English only or speaks English ""very well""; Margin of Error; Households speaking -- - Spanish"
HC01_EST_VC04,"No one age 14 and over speaks English only or speaks English ""very well""; Estimate; Households speaking -- - Other Indo-European languages"
HC01_MOE_VC04,"No one age 14 and over speaks English only or speaks English ""very well""; Margin of Error; Households speaking -- - Other Indo-European languages"
HC01_EST_VC05,"No one age 14 and over speaks English only or speaks English ""very well""; Estimate; Households speaking -- - Asian and Pacific Island languages"
HC01_MOE_VC05,"No one age 14 and over speaks English only or speaks English ""very well""; Margin of Error; Households speaking -- - Asian and Pacific Island languages"
HC01_EST_VC06,"No one age 14 and over speaks English only or speaks English ""very well""; Estimate; Households speaking -- - Other languages"
HC01_MOE_VC06,"No one age 14 and over speaks English only or speaks English ""very well""; Margin of Error; Households speaking -- - Other languages"
HC01_EST_VC09,"No one age 14 and over speaks English only or speaks English ""very well""; Estimate; PERCENT IMPUTED - Language status"
HC01_MOE_VC09,"No one age 14 and over speaks English only or speaks English ""very well""; Margin of Error; PERCENT IMPUTED - Language status"
HC01_EST_VC10,"No one age 14 and over speaks English only or speaks English ""very well""; Estimate; PERCENT IMPUTED - Language status (speak a language other than English)"
HC01_MOE_VC10,"No one age 14 and over speaks English only or speaks English ""very well""; Margin of Error; PERCENT IMPUTED - Language status (speak a language other than English)"
HC01_EST_VC11,"No one age 14 and over speaks English only or speaks English ""very well""; Estimate; PERCENT IMPUTED - Ability to speak English"
HC01_MOE_VC11,"No one age 14 and over speaks English only or speaks English ""very well""; Margin of Error; PERCENT IMPUTED - Ability to speak English"
